Citron; 3182; 2092123400000; ./images/citron.jpg
Citron; 3182; 2092123400000; ./images/citron.jpg
Citron; 3182; 2092123400000; ./images/citron.jpg
Citron; 3182; 2092123400000; ./images/citron.jpg
Citron; 3182; 2092123400000; ./images/citron.jpg
Citron; 3182; 2092123400000; ./images/citron.jpg
Citron; 3182; 2092123400000; ./images/citron.jpg
Citron; 3182; 2092123400000; ./images/citron.jpg
Citron; 3182; 2092123400000; ./images/citron.jpg
Citron; 3182; 2092123400000; ./images/citron.jpg
Citron; 3182; 2092123400000; ./images/citron.jpg
Citron; 3182; 2092123400000; ./images/citron.jpg
Citron; 3182; 2092123400000; ./images/citron.jpg
